Embreagues,media_idade
NAO INFORMADO,1.5234297108673978
NAO,36.71748235915626
SIM,37.61290322580645
